taux,MTBF,INVMTTR,T,R
0.000291667,3428,0.00331,3000,41.68
0.00025,4000,0.00250,3000,47.23
0.0003125,3200,0.00279,3000,39.61
0.0003125,3200,0.00174,3000,39.61
